,conf_name,energy
155,Pt553_CO-OH/1CO-1CO-1OH-out/contcar/00023.POSCAR_all_sites/CONTCAR,-360.63688336
450,Pt553_CO-OH/1CO-1CO-1OH-out/contcar/00473.POSCAR_all_sites/CONTCAR,-360.62631598
50,Pt553_CO-OH/1CO-1CO-1OH-out/contcar/00546.POSCAR_all_sites/CONTCAR,-360.6240944
393,Pt553_CO-OH/1CO-1CO-1OH-out/contcar/00398.POSCAR_all_sites/CONTCAR,-360.59155879
43,Pt553_CO-OH/1CO-1CO-1OH-out/contcar/00265.POSCAR_all_sites/CONTCAR,-360.58001804
60,Pt553_CO-OH/1CO-1CO-1OH-out/contcar/00542.POSCAR_all_sites/CONTCAR,-360.574314
82,Pt553_CO-OH/1CO-1CO-1OH-out/contcar/00261.POSCAR_all_sites/CONTCAR,-360.5657573
330,Pt553_CO-OH/1CO-1CO-1OH-out/contcar/00249.POSCAR_all_sites/CONTCAR,-360.54890241
190,Pt553_CO-OH/1CO-1CO-1OH-out/contcar/00483.POSCAR_all_sites/CONTCAR,-360.54513374
321,Pt553_CO-OH/1CO-1CO-1OH-out/contcar/00453.POSCAR_all_sites/CONTCAR,-360.54035721
126,Pt553_CO-OH/1CO-1CO-1OH-out/contcar/00349.POSCAR_all_sites/CONTCAR,-360.53844148
158,Pt553_CO-OH/1CO-1CO-1OH-out/contcar/00124.POSCAR_all_sites/CONTCAR,-360.53009782
101,Pt553_CO-OH/1CO-1CO-1OH-out/contcar/00076.POSCAR_all_sites/CONTCAR,-360.53006546
25,Pt553_CO-OH/1CO-1CO-1OH-out/contcar/00193.POSCAR_all_sites/CONTCAR,-360.52206194
224,Pt553_CO-OH/1CO-1CO-1OH-out/contcar/00337.POSCAR_all_sites/CONTCAR,-360.52140029
416,Pt553_CO-OH/1CO-1CO-1OH-out/contcar/00331.POSCAR_all_sites/CONTCAR,-360.5114251
380,Pt553_CO-OH/1CO-1CO-1OH-out/contcar/00083.POSCAR_all_sites/CONTCAR,-360.50615845
159,Pt553_CO-OH/1CO-1CO-1OH-out/contcar/00522.POSCAR_all_sites/CONTCAR,-360.50139239
474,Pt553_CO-OH/1CO-1CO-1OH-out/contcar/00478.POSCAR_all_sites/CONTCAR,-360.50116704
298,Pt553_CO-OH/1CO-1CO-1OH-out/contcar/00413.POSCAR_all_sites/CONTCAR,-360.49400954
42,Pt553_CO-OH/1CO-1CO-1OH-out/contcar/00080.POSCAR_all_sites/CONTCAR,-360.48866091
476,Pt553_CO-OH/1CO-1CO-1OH-out/contcar/00243.POSCAR_all_sites/CONTCAR,-360.48696627
314,Pt553_CO-OH/1CO-1CO-1OH-out/contcar/00109.POSCAR_all_sites/CONTCAR,-360.48582318
112,Pt553_CO-OH/1CO-1CO-1OH-out/contcar/00556.POSCAR_all_sites/CONTCAR,-360.48471005
295,Pt553_CO-OH/1CO-1CO-1OH-out/contcar/00112.POSCAR_all_sites/CONTCAR,-360.48298457
322,Pt553_CO-OH/1CO-1CO-1OH-out/contcar/00256.POSCAR_all_sites/CONTCAR,-360.48011306
118,Pt553_CO-OH/1CO-1CO-1OH-out/contcar/00308.POSCAR_all_sites/CONTCAR,-360.47924544
76,Pt553_CO-OH/1CO-1CO-1OH-out/contcar/00506.POSCAR_all_sites/CONTCAR,-360.47497603
381,Pt553_CO-OH/1CO-1CO-1OH-out/contcar/00485.POSCAR_all_sites/CONTCAR,-360.47303192
355,Pt553_CO-OH/1CO-1CO-1OH-out/contcar/00206.POSCAR_all_sites/CONTCAR,-360.46945743
117,Pt553_CO-OH/1CO-1CO-1OH-out/contcar/00135.POSCAR_all_sites/CONTCAR,-360.46822149
391,Pt553_CO-OH/1CO-1CO-1OH-out/contcar/00340.POSCAR_all_sites/CONTCAR,-360.465069
191,Pt553_CO-OH/1CO-1CO-1OH-out/contcar/00182.POSCAR_all_sites/CONTCAR,-360.45848279
197,Pt553_CO-OH/1CO-1CO-1OH-out/contcar/00038.POSCAR_all_sites/CONTCAR,-360.45624245
485,Pt553_CO-OH/1CO-1CO-1OH-out/contcar/00226.POSCAR_all_sites/CONTCAR,-360.45079037
491,Pt553_CO-OH/1CO-1CO-1OH-out/contcar/00402.POSCAR_all_sites/CONTCAR,-360.44503866
426,Pt553_CO-OH/1CO-1CO-1OH-out/contcar/00596.POSCAR_all_sites/CONTCAR,-360.44350663
270,Pt553_CO-OH/1CO-1CO-1OH-out/contcar/00185.POSCAR_all_sites/CONTCAR,-360.43990877
307,Pt553_CO-OH/1CO-1CO-1OH-out/contcar/00457.POSCAR_all_sites/CONTCAR,-360.4384183
162,Pt553_CO-OH/1CO-1CO-1OH-out/contcar/00078.POSCAR_all_sites/CONTCAR,-360.43337729
7,Pt553_CO-OH/1CO-1CO-1OH-out/contcar/00131.POSCAR_all_sites/CONTCAR,-360.430088
364,Pt553_CO-OH/1CO-1CO-1OH-out/contcar/00242.POSCAR_all_sites/CONTCAR,-360.42643864
124,Pt553_CO-OH/1CO-1CO-1OH-out/contcar/00572.POSCAR_all_sites/CONTCAR,-360.41990985
254,Pt553_CO-OH/1CO-1CO-1OH-out/contcar/00625.POSCAR_all_sites/CONTCAR,-360.41904353
350,Pt553_CO-OH/1CO-1CO-1OH-out/contcar/00466.POSCAR_all_sites/CONTCAR,-360.4110425
108,Pt553_CO-OH/1CO-1CO-1OH-out/contcar/00057.POSCAR_all_sites/CONTCAR,-360.4038464
69,Pt553_CO-OH/1CO-1CO-1OH-out/contcar/00420.POSCAR_all_sites/CONTCAR,-360.40036183
206,Pt553_CO-OH/1CO-1CO-1OH-out/contcar/00518.POSCAR_all_sites/CONTCAR,-360.39854473
318,Pt553_CO-OH/1CO-1CO-1OH-out/contcar/00351.POSCAR_all_sites/CONTCAR,-360.39329819
144,Pt553_CO-OH/1CO-1CO-1OH-out/contcar/00632.POSCAR_all_sites/CONTCAR,-360.39240542
87,Pt553_CO-OH/1CO-1CO-1OH-out/contcar/00380.POSCAR_all_sites/CONTCAR,-360.39085522
275,Pt553_CO-OH/1CO-1CO-1OH-out/contcar/00202.POSCAR_all_sites/CONTCAR,-360.39009949
242,Pt553_CO-OH/1CO-1CO-1OH-out/contcar/00513.POSCAR_all_sites/CONTCAR,-360.38938393
386,Pt553_CO-OH/1CO-1CO-1OH-out/contcar/00564.POSCAR_all_sites/CONTCAR,-360.38671449
335,Pt553_CO-OH/1CO-1CO-1OH-out/contcar/00195.POSCAR_all_sites/CONTCAR,-360.38286721
188,Pt553_CO-OH/1CO-1CO-1OH-out/contcar/00085.POSCAR_all_sites/CONTCAR,-360.38144237
196,Pt553_CO-OH/1CO-1CO-1OH-out/contcar/00205.POSCAR_all_sites/CONTCAR,-360.38127805
12,Pt553_CO-OH/1CO-1CO-1OH-out/contcar/00235.POSCAR_all_sites/CONTCAR,-360.37811727
456,Pt553_CO-OH/1CO-1CO-1OH-out/contcar/00371.POSCAR_all_sites/CONTCAR,-360.37688673
470,Pt553_CO-OH/1CO-1CO-1OH-out/contcar/00232.POSCAR_all_sites/CONTCAR,-360.37389489
404,Pt553_CO-OH/1CO-1CO-1OH-out/contcar/00456.POSCAR_all_sites/CONTCAR,-360.37275964
278,Pt553_CO-OH/1CO-1CO-1OH-out/contcar/00500.POSCAR_all_sites/CONTCAR,-360.37201855
244,Pt553_CO-OH/1CO-1CO-1OH-out/contcar/00115.POSCAR_all_sites/CONTCAR,-360.36833059
458,Pt553_CO-OH/1CO-1CO-1OH-out/contcar/00555.POSCAR_all_sites/CONTCAR,-360.36272416
1,Pt553_CO-OH/1CO-1CO-1OH-out/contcar/00552.POSCAR_all_sites/CONTCAR,-360.36022953
98,Pt553_CO-OH/1CO-1CO-1OH-out/contcar/00372.POSCAR_all_sites/CONTCAR,-360.35861108
77,Pt553_CO-OH/1CO-1CO-1OH-out/contcar/00303.POSCAR_all_sites/CONTCAR,-360.35849327
487,Pt553_CO-OH/1CO-1CO-1OH-out/contcar/00300.POSCAR_all_sites/CONTCAR,-360.35616931
296,Pt553_CO-OH/1CO-1CO-1OH-out/contcar/00311.POSCAR_all_sites/CONTCAR,-360.3554426
345,Pt553_CO-OH/1CO-1CO-1OH-out/contcar/00587.POSCAR_all_sites/CONTCAR,-360.35434373
422,Pt553_CO-OH/1CO-1CO-1OH-out/contcar/00412.POSCAR_all_sites/CONTCAR,-360.35395209
463,Pt553_CO-OH/1CO-1CO-1OH-out/contcar/00054.POSCAR_all_sites/CONTCAR,-360.35253855
99,Pt553_CO-OH/1CO-1CO-1OH-out/contcar/00577.POSCAR_all_sites/CONTCAR,-360.3518249
237,Pt553_CO-OH/1CO-1CO-1OH-out/contcar/00091.POSCAR_all_sites/CONTCAR,-360.3516461
15,Pt553_CO-OH/1CO-1CO-1OH-out/contcar/00612.POSCAR_all_sites/CONTCAR,-360.35164546
16,Pt553_CO-OH/1CO-1CO-1OH-out/contcar/00017.POSCAR_all_sites/CONTCAR,-360.35034891
257,Pt553_CO-OH/1CO-1CO-1OH-out/contcar/00142.POSCAR_all_sites/CONTCAR,-360.34912604
304,Pt553_CO-OH/1CO-1CO-1OH-out/contcar/00034.POSCAR_all_sites/CONTCAR,-360.34900803
299,Pt553_CO-OH/1CO-1CO-1OH-out/contcar/00610.POSCAR_all_sites/CONTCAR,-360.34897397
260,Pt553_CO-OH/1CO-1CO-1OH-out/contcar/00278.POSCAR_all_sites/CONTCAR,-360.34878221
328,Pt553_CO-OH/1CO-1CO-1OH-out/contcar/00472.POSCAR_all_sites/CONTCAR,-360.34854771
428,Pt553_CO-OH/1CO-1CO-1OH-out/contcar/00375.POSCAR_all_sites/CONTCAR,-360.34815229
354,Pt553_CO-OH/1CO-1CO-1OH-out/contcar/00102.POSCAR_all_sites/CONTCAR,-360.34751313
23,Pt553_CO-OH/1CO-1CO-1OH-out/contcar/00094.POSCAR_all_sites/CONTCAR,-360.34714265
40,Pt553_CO-OH/1CO-1CO-1OH-out/contcar/00581.POSCAR_all_sites/CONTCAR,-360.34598409
419,Pt553_CO-OH/1CO-1CO-1OH-out/contcar/00014.POSCAR_all_sites/CONTCAR,-360.344011
172,Pt553_CO-OH/1CO-1CO-1OH-out/contcar/00160.POSCAR_all_sites/CONTCAR,-360.34368522
442,Pt553_CO-OH/1CO-1CO-1OH-out/contcar/00416.POSCAR_all_sites/CONTCAR,-360.34360131
368,Pt553_CO-OH/1CO-1CO-1OH-out/contcar/00099.POSCAR_all_sites/CONTCAR,-360.34011254
467,Pt553_CO-OH/1CO-1CO-1OH-out/contcar/00108.POSCAR_all_sites/CONTCAR,-360.33770273
41,Pt553_CO-OH/1CO-1CO-1OH-out/contcar/00486.POSCAR_all_sites/CONTCAR,-360.33584359
346,Pt553_CO-OH/1CO-1CO-1OH-out/contcar/00561.POSCAR_all_sites/CONTCAR,-360.3327006
339,Pt553_CO-OH/1CO-1CO-1OH-out/contcar/00011.POSCAR_all_sites/CONTCAR,-360.33174766
44,Pt553_CO-OH/1CO-1CO-1OH-out/contcar/00066.POSCAR_all_sites/CONTCAR,-360.33081504
365,Pt553_CO-OH/1CO-1CO-1OH-out/contcar/00041.POSCAR_all_sites/CONTCAR,-360.32835232
241,Pt553_CO-OH/1CO-1CO-1OH-out/contcar/00471.POSCAR_all_sites/CONTCAR,-360.32573876
198,Pt553_CO-OH/1CO-1CO-1OH-out/contcar/00006.POSCAR_all_sites/CONTCAR,-360.32525212
65,Pt553_CO-OH/1CO-1CO-1OH-out/contcar/00445.POSCAR_all_sites/CONTCAR,-360.32489456
34,Pt553_CO-OH/1CO-1CO-1OH-out/contcar/00638.POSCAR_all_sites/CONTCAR,-360.32396493
367,Pt553_CO-OH/1CO-1CO-1OH-out/contcar/00447.POSCAR_all_sites/CONTCAR,-360.32360508
457,Pt553_CO-OH/1CO-1CO-1OH-out/contcar/00388.POSCAR_all_sites/CONTCAR,-360.32356258
31,Pt553_CO-OH/1CO-1CO-1OH-out/contcar/00307.POSCAR_all_sites/CONTCAR,-360.32139857
32,Pt553_CO-OH/1CO-1CO-1OH-out/contcar/00003.POSCAR_all_sites/CONTCAR,-360.31972035
277,Pt553_CO-OH/1CO-1CO-1OH-out/contcar/00439.POSCAR_all_sites/CONTCAR,-360.31934839
347,Pt553_CO-OH/1CO-1CO-1OH-out/contcar/00167.POSCAR_all_sites/CONTCAR,-360.31933793
460,Pt553_CO-OH/1CO-1CO-1OH-out/contcar/00153.POSCAR_all_sites/CONTCAR,-360.31842633
379,Pt553_CO-OH/1CO-1CO-1OH-out/contcar/00280.POSCAR_all_sites/CONTCAR,-360.317689
271,Pt553_CO-OH/1CO-1CO-1OH-out/contcar/00583.POSCAR_all_sites/CONTCAR,-360.31664394
384,Pt553_CO-OH/1CO-1CO-1OH-out/contcar/00361.POSCAR_all_sites/CONTCAR,-360.31614209
104,Pt553_CO-OH/1CO-1CO-1OH-out/contcar/00293.POSCAR_all_sites/CONTCAR,-360.31607286
100,Pt553_CO-OH/1CO-1CO-1OH-out/contcar/00470.POSCAR_all_sites/CONTCAR,-360.31461209
338,Pt553_CO-OH/1CO-1CO-1OH-out/contcar/00614.POSCAR_all_sites/CONTCAR,-360.31448681
371,Pt553_CO-OH/1CO-1CO-1OH-out/contcar/00345.POSCAR_all_sites/CONTCAR,-360.31076016
9,Pt553_CO-OH/1CO-1CO-1OH-out/contcar/00537.POSCAR_all_sites/CONTCAR,-360.30872109
37,Pt553_CO-OH/1CO-1CO-1OH-out/contcar/00161.POSCAR_all_sites/CONTCAR,-360.30763763
395,Pt553_CO-OH/1CO-1CO-1OH-out/contcar/00641.POSCAR_all_sites/CONTCAR,-360.30706146
67,Pt553_CO-OH/1CO-1CO-1OH-out/contcar/00018.POSCAR_all_sites/CONTCAR,-360.30543907
91,Pt553_CO-OH/1CO-1CO-1OH-out/contcar/00616.POSCAR_all_sites/CONTCAR,-360.30516878
81,Pt553_CO-OH/1CO-1CO-1OH-out/contcar/00062.POSCAR_all_sites/CONTCAR,-360.30110885
90,Pt553_CO-OH/1CO-1CO-1OH-out/contcar/00512.POSCAR_all_sites/CONTCAR,-360.3003219
234,Pt553_CO-OH/1CO-1CO-1OH-out/contcar/00170.POSCAR_all_sites/CONTCAR,-360.29724194
358,Pt553_CO-OH/1CO-1CO-1OH-out/contcar/00600.POSCAR_all_sites/CONTCAR,-360.29425853
361,Pt553_CO-OH/1CO-1CO-1OH-out/contcar/00621.POSCAR_all_sites/CONTCAR,-360.29349428
424,Pt553_CO-OH/1CO-1CO-1OH-out/contcar/00393.POSCAR_all_sites/CONTCAR,-360.29010591
392,Pt553_CO-OH/1CO-1CO-1OH-out/contcar/00545.POSCAR_all_sites/CONTCAR,-360.28526018
481,Pt553_CO-OH/1CO-1CO-1OH-out/contcar/00541.POSCAR_all_sites/CONTCAR,-360.28510075
337,Pt553_CO-OH/1CO-1CO-1OH-out/contcar/00429.POSCAR_all_sites/CONTCAR,-360.28364044
213,Pt553_CO-OH/1CO-1CO-1OH-out/contcar/00543.POSCAR_all_sites/CONTCAR,-360.28180991
128,Pt553_CO-OH/1CO-1CO-1OH-out/contcar/00391.POSCAR_all_sites/CONTCAR,-360.27817065
373,Pt553_CO-OH/1CO-1CO-1OH-out/contcar/00146.POSCAR_all_sites/CONTCAR,-360.26733746
399,Pt553_CO-OH/1CO-1CO-1OH-out/contcar/00118.POSCAR_all_sites/CONTCAR,-360.26578034
233,Pt553_CO-OH/1CO-1CO-1OH-out/contcar/00548.POSCAR_all_sites/CONTCAR,-360.26505836
103,Pt553_CO-OH/1CO-1CO-1OH-out/contcar/00275.POSCAR_all_sites/CONTCAR,-360.2575352
96,Pt553_CO-OH/1CO-1CO-1OH-out/contcar/00591.POSCAR_all_sites/CONTCAR,-360.25561013
66,Pt553_CO-OH/1CO-1CO-1OH-out/contcar/00121.POSCAR_all_sites/CONTCAR,-360.25348305
348,Pt553_CO-OH/1CO-1CO-1OH-out/contcar/00364.POSCAR_all_sites/CONTCAR,-360.25286212
464,Pt553_CO-OH/1CO-1CO-1OH-out/contcar/00452.POSCAR_all_sites/CONTCAR,-360.25117998
252,Pt553_CO-OH/1CO-1CO-1OH-out/contcar/00119.POSCAR_all_sites/CONTCAR,-360.24765469
323,Pt553_CO-OH/1CO-1CO-1OH-out/contcar/00268.POSCAR_all_sites/CONTCAR,-360.24725635
501,Pt553_CO-OH/1CO-1CO-1OH-out/contcar/00284.POSCAR_all_sites/CONTCAR,-360.2464997
187,Pt553_CO-OH/1CO-1CO-1OH-out/contcar/00260.POSCAR_all_sites/CONTCAR,-360.24479476
73,Pt553_CO-OH/1CO-1CO-1OH-out/contcar/00007.POSCAR_all_sites/CONTCAR,-360.24388531
201,Pt553_CO-OH/1CO-1CO-1OH-out/contcar/00539.POSCAR_all_sites/CONTCAR,-360.24379969
17,Pt553_CO-OH/1CO-1CO-1OH-out/contcar/00029.POSCAR_all_sites/CONTCAR,-360.24339551
370,Pt553_CO-OH/1CO-1CO-1OH-out/contcar/00540.POSCAR_all_sites/CONTCAR,-360.24309696
175,Pt553_CO-OH/1CO-1CO-1OH-out/contcar/00264.POSCAR_all_sites/CONTCAR,-360.24270533
8,Pt553_CO-OH/1CO-1CO-1OH-out/contcar/00509.POSCAR_all_sites/CONTCAR,-360.24020756
448,Pt553_CO-OH/1CO-1CO-1OH-out/contcar/00248.POSCAR_all_sites/CONTCAR,-360.23577284
167,Pt553_CO-OH/1CO-1CO-1OH-out/contcar/00547.POSCAR_all_sites/CONTCAR,-360.23307552
315,Pt553_CO-OH/1CO-1CO-1OH-out/contcar/00531.POSCAR_all_sites/CONTCAR,-360.23138657
209,Pt553_CO-OH/1CO-1CO-1OH-out/contcar/00027.POSCAR_all_sites/CONTCAR,-360.22660101
291,Pt553_CO-OH/1CO-1CO-1OH-out/contcar/00490.POSCAR_all_sites/CONTCAR,-360.22175864
264,Pt553_CO-OH/1CO-1CO-1OH-out/contcar/00259.POSCAR_all_sites/CONTCAR,-360.22089596
302,Pt553_CO-OH/1CO-1CO-1OH-out/contcar/00216.POSCAR_all_sites/CONTCAR,-360.22045306
30,Pt553_CO-OH/1CO-1CO-1OH-out/contcar/00339.POSCAR_all_sites/CONTCAR,-360.21739196
210,Pt553_CO-OH/1CO-1CO-1OH-out/contcar/00019.POSCAR_all_sites/CONTCAR,-360.21650595
403,Pt553_CO-OH/1CO-1CO-1OH-out/contcar/00021.POSCAR_all_sites/CONTCAR,-360.21618793
400,Pt553_CO-OH/1CO-1CO-1OH-out/contcar/00126.POSCAR_all_sites/CONTCAR,-360.21552325
462,Pt553_CO-OH/1CO-1CO-1OH-out/contcar/00269.POSCAR_all_sites/CONTCAR,-360.21354136
461,Pt553_CO-OH/1CO-1CO-1OH-out/contcar/00257.POSCAR_all_sites/CONTCAR,-360.21282172
352,Pt553_CO-OH/1CO-1CO-1OH-out/contcar/00480.POSCAR_all_sites/CONTCAR,-360.2123059
366,Pt553_CO-OH/1CO-1CO-1OH-out/contcar/00479.POSCAR_all_sites/CONTCAR,-360.21090178
163,Pt553_CO-OH/1CO-1CO-1OH-out/contcar/00245.POSCAR_all_sites/CONTCAR,-360.20973554
54,Pt553_CO-OH/1CO-1CO-1OH-out/contcar/00022.POSCAR_all_sites/CONTCAR,-360.2085857
218,Pt553_CO-OH/1CO-1CO-1OH-out/contcar/00033.POSCAR_all_sites/CONTCAR,-360.20457662
267,Pt553_CO-OH/1CO-1CO-1OH-out/contcar/00484.POSCAR_all_sites/CONTCAR,-360.20394887
434,Pt553_CO-OH/1CO-1CO-1OH-out/contcar/00477.POSCAR_all_sites/CONTCAR,-360.20015293
123,Pt553_CO-OH/1CO-1CO-1OH-out/contcar/00475.POSCAR_all_sites/CONTCAR,-360.19966293
122,Pt553_CO-OH/1CO-1CO-1OH-out/contcar/00270.POSCAR_all_sites/CONTCAR,-360.19888677
420,Pt553_CO-OH/1CO-1CO-1OH-out/contcar/00229.POSCAR_all_sites/CONTCAR,-360.19834427
194,Pt553_CO-OH/1CO-1CO-1OH-out/contcar/00367.POSCAR_all_sites/CONTCAR,-360.19833483
292,Pt553_CO-OH/1CO-1CO-1OH-out/contcar/00476.POSCAR_all_sites/CONTCAR,-360.1981612
38,Pt553_CO-OH/1CO-1CO-1OH-out/contcar/00384.POSCAR_all_sites/CONTCAR,-360.19803811
447,Pt553_CO-OH/1CO-1CO-1OH-out/contcar/00075.POSCAR_all_sites/CONTCAR,-360.19517351
78,Pt553_CO-OH/1CO-1CO-1OH-out/contcar/00482.POSCAR_all_sites/CONTCAR,-360.19242675
88,Pt553_CO-OH/1CO-1CO-1OH-out/contcar/00329.POSCAR_all_sites/CONTCAR,-360.19210544
505,Pt553_CO-OH/1CO-1CO-1OH-out/contcar/00262.POSCAR_all_sites/CONTCAR,-360.19125966
468,Pt553_CO-OH/1CO-1CO-1OH-out/contcar/00335.POSCAR_all_sites/CONTCAR,-360.18859839
6,Pt553_CO-OH/1CO-1CO-1OH-out/contcar/00332.POSCAR_all_sites/CONTCAR,-360.1882142
226,Pt553_CO-OH/1CO-1CO-1OH-out/contcar/00255.POSCAR_all_sites/CONTCAR,-360.18811924
142,Pt553_CO-OH/1CO-1CO-1OH-out/contcar/00234.POSCAR_all_sites/CONTCAR,-360.18655391
243,Pt553_CO-OH/1CO-1CO-1OH-out/contcar/00328.POSCAR_all_sites/CONTCAR,-360.1850081
203,Pt553_CO-OH/1CO-1CO-1OH-out/contcar/00120.POSCAR_all_sites/CONTCAR,-360.18371824
398,Pt553_CO-OH/1CO-1CO-1OH-out/contcar/00247.POSCAR_all_sites/CONTCAR,-360.17745387
432,Pt553_CO-OH/1CO-1CO-1OH-out/contcar/00071.POSCAR_all_sites/CONTCAR,-360.17366279
305,Pt553_CO-OH/1CO-1CO-1OH-out/contcar/00330.POSCAR_all_sites/CONTCAR,-360.17187638
22,Pt553_CO-OH/1CO-1CO-1OH-out/contcar/00072.POSCAR_all_sites/CONTCAR,-360.17071423
317,Pt553_CO-OH/1CO-1CO-1OH-out/contcar/00233.POSCAR_all_sites/CONTCAR,-360.1701193
211,Pt553_CO-OH/1CO-1CO-1OH-out/contcar/00224.POSCAR_all_sites/CONTCAR,-360.16463908
268,Pt553_CO-OH/1CO-1CO-1OH-out/contcar/00082.POSCAR_all_sites/CONTCAR,-360.16317554
220,Pt553_CO-OH/1CO-1CO-1OH-out/contcar/00435.POSCAR_all_sites/CONTCAR,-360.16307659
255,Pt553_CO-OH/1CO-1CO-1OH-out/contcar/00426.POSCAR_all_sites/CONTCAR,-360.16262284
145,Pt553_CO-OH/1CO-1CO-1OH-out/contcar/00431.POSCAR_all_sites/CONTCAR,-360.16190367
68,Pt553_CO-OH/1CO-1CO-1OH-out/contcar/00225.POSCAR_all_sites/CONTCAR,-360.16145206
181,Pt553_CO-OH/1CO-1CO-1OH-out/contcar/00338.POSCAR_all_sites/CONTCAR,-360.15251164
47,Pt553_CO-OH/1CO-1CO-1OH-out/contcar/00244.POSCAR_all_sites/CONTCAR,-360.1513528
178,Pt553_CO-OH/1CO-1CO-1OH-out/contcar/00081.POSCAR_all_sites/CONTCAR,-360.14702558
63,Pt553_CO-OH/1CO-1CO-1OH-out/contcar/00240.POSCAR_all_sites/CONTCAR,-360.14696499
301,Pt553_CO-OH/1CO-1CO-1OH-out/contcar/00228.POSCAR_all_sites/CONTCAR,-360.14325011
151,Pt553_CO-OH/1CO-1CO-1OH-out/contcar/00251.POSCAR_all_sites/CONTCAR,-360.14183016
329,Pt553_CO-OH/1CO-1CO-1OH-out/contcar/00074.POSCAR_all_sites/CONTCAR,-360.13781185
493,Pt553_CO-OH/1CO-1CO-1OH-out/contcar/00239.POSCAR_all_sites/CONTCAR,-360.13461298
116,Pt553_CO-OH/1CO-1CO-1OH-out/contcar/00231.POSCAR_all_sites/CONTCAR,-360.12747464
430,Pt553_CO-OH/1CO-1CO-1OH-out/contcar/00176.POSCAR_all_sites/CONTCAR,-360.12435203
332,Pt553_CO-OH/1CO-1CO-1OH-out/contcar/00173.POSCAR_all_sites/CONTCAR,-360.12426351
168,Pt553_CO-OH/1CO-1CO-1OH-out/contcar/00579.POSCAR_all_sites/CONTCAR,-360.11952211
387,Pt553_CO-OH/1CO-1CO-1OH-out/contcar/00582.POSCAR_all_sites/CONTCAR,-360.11742736
263,Pt553_CO-OH/1CO-1CO-1OH-out/contcar/00267.POSCAR_all_sites/CONTCAR,-360.11646205
75,Pt553_CO-OH/1CO-1CO-1OH-out/contcar/00401.POSCAR_all_sites/CONTCAR,-360.1053241
119,Pt553_CO-OH/1CO-1CO-1OH-out/contcar/00336.POSCAR_all_sites/CONTCAR,-360.10205303
148,Pt553_CO-OH/1CO-1CO-1OH-out/contcar/00368.POSCAR_all_sites/CONTCAR,-360.10124122
272,Pt553_CO-OH/1CO-1CO-1OH-out/contcar/00565.POSCAR_all_sites/CONTCAR,-360.10108185
86,Pt553_CO-OH/1CO-1CO-1OH-out/contcar/00183.POSCAR_all_sites/CONTCAR,-360.10035733
356,Pt553_CO-OH/1CO-1CO-1OH-out/contcar/00238.POSCAR_all_sites/CONTCAR,-360.09921739
285,Pt553_CO-OH/1CO-1CO-1OH-out/contcar/00571.POSCAR_all_sites/CONTCAR,-360.09552036
452,Pt553_CO-OH/1CO-1CO-1OH-out/contcar/00093.POSCAR_all_sites/CONTCAR,-360.09437883
280,Pt553_CO-OH/1CO-1CO-1OH-out/contcar/00138.POSCAR_all_sites/CONTCAR,-360.09319498
313,Pt553_CO-OH/1CO-1CO-1OH-out/contcar/00137.POSCAR_all_sites/CONTCAR,-360.09257319
248,Pt553_CO-OH/1CO-1CO-1OH-out/contcar/00414.POSCAR_all_sites/CONTCAR,-360.09254738
212,Pt553_CO-OH/1CO-1CO-1OH-out/contcar/00346.POSCAR_all_sites/CONTCAR,-360.09181494
21,Pt553_CO-OH/1CO-1CO-1OH-out/contcar/00474.POSCAR_all_sites/CONTCAR,-360.09133308
141,Pt553_CO-OH/1CO-1CO-1OH-out/contcar/00130.POSCAR_all_sites/CONTCAR,-360.09121953
26,Pt553_CO-OH/1CO-1CO-1OH-out/contcar/00348.POSCAR_all_sites/CONTCAR,-360.0908362
353,Pt553_CO-OH/1CO-1CO-1OH-out/contcar/00086.POSCAR_all_sites/CONTCAR,-360.09027382
215,Pt553_CO-OH/1CO-1CO-1OH-out/contcar/00241.POSCAR_all_sites/CONTCAR,-360.08880351
445,Pt553_CO-OH/1CO-1CO-1OH-out/contcar/00129.POSCAR_all_sites/CONTCAR,-360.08808126
92,Pt553_CO-OH/1CO-1CO-1OH-out/contcar/00415.POSCAR_all_sites/CONTCAR,-360.08586885
173,Pt553_CO-OH/1CO-1CO-1OH-out/contcar/00566.POSCAR_all_sites/CONTCAR,-360.08454263
204,Pt553_CO-OH/1CO-1CO-1OH-out/contcar/00323.POSCAR_all_sites/CONTCAR,-360.08414605
236,Pt553_CO-OH/1CO-1CO-1OH-out/contcar/00395.POSCAR_all_sites/CONTCAR,-360.0826121
496,Pt553_CO-OH/1CO-1CO-1OH-out/contcar/00158.POSCAR_all_sites/CONTCAR,-360.08062251
147,Pt553_CO-OH/1CO-1CO-1OH-out/contcar/00155.POSCAR_all_sites/CONTCAR,-360.07960262
0,Pt553_CO-OH/1CO-1CO-1OH-out/contcar/00357.POSCAR_all_sites/CONTCAR,-360.077773
341,Pt553_CO-OH/1CO-1CO-1OH-out/contcar/00128.POSCAR_all_sites/CONTCAR,-360.07524188
83,Pt553_CO-OH/1CO-1CO-1OH-out/contcar/00563.POSCAR_all_sites/CONTCAR,-360.07427781
336,Pt553_CO-OH/1CO-1CO-1OH-out/contcar/00396.POSCAR_all_sites/CONTCAR,-360.073866
499,Pt553_CO-OH/1CO-1CO-1OH-out/contcar/00180.POSCAR_all_sites/CONTCAR,-360.07187984
125,Pt553_CO-OH/1CO-1CO-1OH-out/contcar/00377.POSCAR_all_sites/CONTCAR,-360.06997575
401,Pt553_CO-OH/1CO-1CO-1OH-out/contcar/00419.POSCAR_all_sites/CONTCAR,-360.06771257
240,Pt553_CO-OH/1CO-1CO-1OH-out/contcar/00274.POSCAR_all_sites/CONTCAR,-360.06695406
486,Pt553_CO-OH/1CO-1CO-1OH-out/contcar/00524.POSCAR_all_sites/CONTCAR,-360.06631221
152,Pt553_CO-OH/1CO-1CO-1OH-out/contcar/00454.POSCAR_all_sites/CONTCAR,-360.06570637
274,Pt553_CO-OH/1CO-1CO-1OH-out/contcar/00001.POSCAR_all_sites/CONTCAR,-360.06462321
502,Pt553_CO-OH/1CO-1CO-1OH-out/contcar/00467.POSCAR_all_sites/CONTCAR,-360.06427342
205,Pt553_CO-OH/1CO-1CO-1OH-out/contcar/00526.POSCAR_all_sites/CONTCAR,-360.06265282
95,Pt553_CO-OH/1CO-1CO-1OH-out/contcar/00013.POSCAR_all_sites/CONTCAR,-360.06153512
106,Pt553_CO-OH/1CO-1CO-1OH-out/contcar/00451.POSCAR_all_sites/CONTCAR,-360.06087138
449,Pt553_CO-OH/1CO-1CO-1OH-out/contcar/00276.POSCAR_all_sites/CONTCAR,-360.06071125
363,Pt553_CO-OH/1CO-1CO-1OH-out/contcar/00320.POSCAR_all_sites/CONTCAR,-360.0600887
325,Pt553_CO-OH/1CO-1CO-1OH-out/contcar/00092.POSCAR_all_sites/CONTCAR,-360.0582013
360,Pt553_CO-OH/1CO-1CO-1OH-out/contcar/00227.POSCAR_all_sites/CONTCAR,-360.05791538
405,Pt553_CO-OH/1CO-1CO-1OH-out/contcar/00468.POSCAR_all_sites/CONTCAR,-360.05769565
258,Pt553_CO-OH/1CO-1CO-1OH-out/contcar/00341.POSCAR_all_sites/CONTCAR,-360.05610787
186,Pt553_CO-OH/1CO-1CO-1OH-out/contcar/00465.POSCAR_all_sites/CONTCAR,-360.05593422
423,Pt553_CO-OH/1CO-1CO-1OH-out/contcar/00611.POSCAR_all_sites/CONTCAR,-360.05531221
494,Pt553_CO-OH/1CO-1CO-1OH-out/contcar/00004.POSCAR_all_sites/CONTCAR,-360.05422703
362,Pt553_CO-OH/1CO-1CO-1OH-out/contcar/00525.POSCAR_all_sites/CONTCAR,-360.05345878
479,Pt553_CO-OH/1CO-1CO-1OH-out/contcar/00179.POSCAR_all_sites/CONTCAR,-360.05303284
412,Pt553_CO-OH/1CO-1CO-1OH-out/contcar/00035.POSCAR_all_sites/CONTCAR,-360.05292825
427,Pt553_CO-OH/1CO-1CO-1OH-out/contcar/00570.POSCAR_all_sites/CONTCAR,-360.05268906
143,Pt553_CO-OH/1CO-1CO-1OH-out/contcar/00009.POSCAR_all_sites/CONTCAR,-360.05251788
374,Pt553_CO-OH/1CO-1CO-1OH-out/contcar/00605.POSCAR_all_sites/CONTCAR,-360.05233963
13,Pt553_CO-OH/1CO-1CO-1OH-out/contcar/00036.POSCAR_all_sites/CONTCAR,-360.05198707
444,Pt553_CO-OH/1CO-1CO-1OH-out/contcar/00314.POSCAR_all_sites/CONTCAR,-360.05177301
169,Pt553_CO-OH/1CO-1CO-1OH-out/contcar/00580.POSCAR_all_sites/CONTCAR,-360.05091484
111,Pt553_CO-OH/1CO-1CO-1OH-out/contcar/00568.POSCAR_all_sites/CONTCAR,-360.05073225
164,Pt553_CO-OH/1CO-1CO-1OH-out/contcar/00498.POSCAR_all_sites/CONTCAR,-360.04861994
497,Pt553_CO-OH/1CO-1CO-1OH-out/contcar/00560.POSCAR_all_sites/CONTCAR,-360.04699465
281,Pt553_CO-OH/1CO-1CO-1OH-out/contcar/00305.POSCAR_all_sites/CONTCAR,-360.04697093
207,Pt553_CO-OH/1CO-1CO-1OH-out/contcar/00421.POSCAR_all_sites/CONTCAR,-360.0463498
331,Pt553_CO-OH/1CO-1CO-1OH-out/contcar/00277.POSCAR_all_sites/CONTCAR,-360.04573319
406,Pt553_CO-OH/1CO-1CO-1OH-out/contcar/00088.POSCAR_all_sites/CONTCAR,-360.04512546
251,Pt553_CO-OH/1CO-1CO-1OH-out/contcar/00324.POSCAR_all_sites/CONTCAR,-360.04418419
300,Pt553_CO-OH/1CO-1CO-1OH-out/contcar/00015.POSCAR_all_sites/CONTCAR,-360.04359136
134,Pt553_CO-OH/1CO-1CO-1OH-out/contcar/00613.POSCAR_all_sites/CONTCAR,-360.04356553
446,Pt553_CO-OH/1CO-1CO-1OH-out/contcar/00117.POSCAR_all_sites/CONTCAR,-360.04260459
246,Pt553_CO-OH/1CO-1CO-1OH-out/contcar/00012.POSCAR_all_sites/CONTCAR,-360.04160547
250,Pt553_CO-OH/1CO-1CO-1OH-out/contcar/00521.POSCAR_all_sites/CONTCAR,-360.0416024
477,Pt553_CO-OH/1CO-1CO-1OH-out/contcar/00040.POSCAR_all_sites/CONTCAR,-360.04154116
503,Pt553_CO-OH/1CO-1CO-1OH-out/contcar/00459.POSCAR_all_sites/CONTCAR,-360.04061436
217,Pt553_CO-OH/1CO-1CO-1OH-out/contcar/00299.POSCAR_all_sites/CONTCAR,-360.03964199
183,Pt553_CO-OH/1CO-1CO-1OH-out/contcar/00607.POSCAR_all_sites/CONTCAR,-360.03945839
454,Pt553_CO-OH/1CO-1CO-1OH-out/contcar/00194.POSCAR_all_sites/CONTCAR,-360.03922439
431,Pt553_CO-OH/1CO-1CO-1OH-out/contcar/00272.POSCAR_all_sites/CONTCAR,-360.03865668
105,Pt553_CO-OH/1CO-1CO-1OH-out/contcar/00496.POSCAR_all_sites/CONTCAR,-360.03843436
146,Pt553_CO-OH/1CO-1CO-1OH-out/contcar/00553.POSCAR_all_sites/CONTCAR,-360.03827034
389,Pt553_CO-OH/1CO-1CO-1OH-out/contcar/00184.POSCAR_all_sites/CONTCAR,-360.03567634
466,Pt553_CO-OH/1CO-1CO-1OH-out/contcar/00136.POSCAR_all_sites/CONTCAR,-360.03556576
306,Pt553_CO-OH/1CO-1CO-1OH-out/contcar/00089.POSCAR_all_sites/CONTCAR,-360.03540893
297,Pt553_CO-OH/1CO-1CO-1OH-out/contcar/00514.POSCAR_all_sites/CONTCAR,-360.03425178
229,Pt553_CO-OH/1CO-1CO-1OH-out/contcar/00450.POSCAR_all_sites/CONTCAR,-360.03317639
259,Pt553_CO-OH/1CO-1CO-1OH-out/contcar/00045.POSCAR_all_sites/CONTCAR,-360.03313019
161,Pt553_CO-OH/1CO-1CO-1OH-out/contcar/00046.POSCAR_all_sites/CONTCAR,-360.0329526
174,Pt553_CO-OH/1CO-1CO-1OH-out/contcar/00461.POSCAR_all_sites/CONTCAR,-360.03263771
342,Pt553_CO-OH/1CO-1CO-1OH-out/contcar/00116.POSCAR_all_sites/CONTCAR,-360.03246166
93,Pt553_CO-OH/1CO-1CO-1OH-out/contcar/00628.POSCAR_all_sites/CONTCAR,-360.03245772
185,Pt553_CO-OH/1CO-1CO-1OH-out/contcar/00201.POSCAR_all_sites/CONTCAR,-360.0321303
282,Pt553_CO-OH/1CO-1CO-1OH-out/contcar/00374.POSCAR_all_sites/CONTCAR,-360.03077566
279,Pt553_CO-OH/1CO-1CO-1OH-out/contcar/00106.POSCAR_all_sites/CONTCAR,-360.02901906
284,Pt553_CO-OH/1CO-1CO-1OH-out/contcar/00177.POSCAR_all_sites/CONTCAR,-360.02872405
2,Pt553_CO-OH/1CO-1CO-1OH-out/contcar/00455.POSCAR_all_sites/CONTCAR,-360.02826955
135,Pt553_CO-OH/1CO-1CO-1OH-out/contcar/00517.POSCAR_all_sites/CONTCAR,-360.02795395
433,Pt553_CO-OH/1CO-1CO-1OH-out/contcar/00449.POSCAR_all_sites/CONTCAR,-360.02665196
97,Pt553_CO-OH/1CO-1CO-1OH-out/contcar/00197.POSCAR_all_sites/CONTCAR,-360.02650704
133,Pt553_CO-OH/1CO-1CO-1OH-out/contcar/00410.POSCAR_all_sites/CONTCAR,-360.02614451
52,Pt553_CO-OH/1CO-1CO-1OH-out/contcar/00343.POSCAR_all_sites/CONTCAR,-360.02601684
239,Pt553_CO-OH/1CO-1CO-1OH-out/contcar/00077.POSCAR_all_sites/CONTCAR,-360.02550665
383,Pt553_CO-OH/1CO-1CO-1OH-out/contcar/00065.POSCAR_all_sites/CONTCAR,-360.02541543
232,Pt553_CO-OH/1CO-1CO-1OH-out/contcar/00576.POSCAR_all_sites/CONTCAR,-360.02471864
29,Pt553_CO-OH/1CO-1CO-1OH-out/contcar/00502.POSCAR_all_sites/CONTCAR,-360.02459553
288,Pt553_CO-OH/1CO-1CO-1OH-out/contcar/00191.POSCAR_all_sites/CONTCAR,-360.02400779
137,Pt553_CO-OH/1CO-1CO-1OH-out/contcar/00111.POSCAR_all_sites/CONTCAR,-360.02375335
459,Pt553_CO-OH/1CO-1CO-1OH-out/contcar/00350.POSCAR_all_sites/CONTCAR,-360.02373104
216,Pt553_CO-OH/1CO-1CO-1OH-out/contcar/00042.POSCAR_all_sites/CONTCAR,-360.02336903
425,Pt553_CO-OH/1CO-1CO-1OH-out/contcar/00190.POSCAR_all_sites/CONTCAR,-360.02300904
269,Pt553_CO-OH/1CO-1CO-1OH-out/contcar/00386.POSCAR_all_sites/CONTCAR,-360.02283535
492,Pt553_CO-OH/1CO-1CO-1OH-out/contcar/00207.POSCAR_all_sites/CONTCAR,-360.02245193
372,Pt553_CO-OH/1CO-1CO-1OH-out/contcar/00178.POSCAR_all_sites/CONTCAR,-360.0222079
221,Pt553_CO-OH/1CO-1CO-1OH-out/contcar/00532.POSCAR_all_sites/CONTCAR,-360.02154323
441,Pt553_CO-OH/1CO-1CO-1OH-out/contcar/00615.POSCAR_all_sites/CONTCAR,-360.021534
320,Pt553_CO-OH/1CO-1CO-1OH-out/contcar/00389.POSCAR_all_sites/CONTCAR,-360.02145328
311,Pt553_CO-OH/1CO-1CO-1OH-out/contcar/00550.POSCAR_all_sites/CONTCAR,-360.02116725
290,Pt553_CO-OH/1CO-1CO-1OH-out/contcar/00096.POSCAR_all_sites/CONTCAR,-360.02105116
276,Pt553_CO-OH/1CO-1CO-1OH-out/contcar/00604.POSCAR_all_sites/CONTCAR,-360.02094563
293,Pt553_CO-OH/1CO-1CO-1OH-out/contcar/00273.POSCAR_all_sites/CONTCAR,-360.02052919
45,Pt553_CO-OH/1CO-1CO-1OH-out/contcar/00499.POSCAR_all_sites/CONTCAR,-360.02025106
473,Pt553_CO-OH/1CO-1CO-1OH-out/contcar/00098.POSCAR_all_sites/CONTCAR,-360.02003185
102,Pt553_CO-OH/1CO-1CO-1OH-out/contcar/00048.POSCAR_all_sites/CONTCAR,-360.01832002
199,Pt553_CO-OH/1CO-1CO-1OH-out/contcar/00302.POSCAR_all_sites/CONTCAR,-360.01808898
131,Pt553_CO-OH/1CO-1CO-1OH-out/contcar/00016.POSCAR_all_sites/CONTCAR,-360.01800629
150,Pt553_CO-OH/1CO-1CO-1OH-out/contcar/00052.POSCAR_all_sites/CONTCAR,-360.01795233
504,Pt553_CO-OH/1CO-1CO-1OH-out/contcar/00061.POSCAR_all_sites/CONTCAR,-360.01771322
489,Pt553_CO-OH/1CO-1CO-1OH-out/contcar/00505.POSCAR_all_sites/CONTCAR,-360.01765914
410,Pt553_CO-OH/1CO-1CO-1OH-out/contcar/00236.POSCAR_all_sites/CONTCAR,-360.01712316
228,Pt553_CO-OH/1CO-1CO-1OH-out/contcar/00056.POSCAR_all_sites/CONTCAR,-360.01640161
184,Pt553_CO-OH/1CO-1CO-1OH-out/contcar/00002.POSCAR_all_sites/CONTCAR,-360.01623411
344,Pt553_CO-OH/1CO-1CO-1OH-out/contcar/00382.POSCAR_all_sites/CONTCAR,-360.01619418
138,Pt553_CO-OH/1CO-1CO-1OH-out/contcar/00312.POSCAR_all_sites/CONTCAR,-360.0160986
51,Pt553_CO-OH/1CO-1CO-1OH-out/contcar/00578.POSCAR_all_sites/CONTCAR,-360.01609103
472,Pt553_CO-OH/1CO-1CO-1OH-out/contcar/00634.POSCAR_all_sites/CONTCAR,-360.01584749
415,Pt553_CO-OH/1CO-1CO-1OH-out/contcar/00534.POSCAR_all_sites/CONTCAR,-360.01553888
156,Pt553_CO-OH/1CO-1CO-1OH-out/contcar/00327.POSCAR_all_sites/CONTCAR,-360.01521329
89,Pt553_CO-OH/1CO-1CO-1OH-out/contcar/00114.POSCAR_all_sites/CONTCAR,-360.01437467
189,Pt553_CO-OH/1CO-1CO-1OH-out/contcar/00286.POSCAR_all_sites/CONTCAR,-360.01434994
411,Pt553_CO-OH/1CO-1CO-1OH-out/contcar/00208.POSCAR_all_sites/CONTCAR,-360.01419391
475,Pt553_CO-OH/1CO-1CO-1OH-out/contcar/00446.POSCAR_all_sites/CONTCAR,-360.01378468
33,Pt553_CO-OH/1CO-1CO-1OH-out/contcar/00200.POSCAR_all_sites/CONTCAR,-360.01351412
49,Pt553_CO-OH/1CO-1CO-1OH-out/contcar/00642.POSCAR_all_sites/CONTCAR,-360.01316598
333,Pt553_CO-OH/1CO-1CO-1OH-out/contcar/00575.POSCAR_all_sites/CONTCAR,-360.01238794
230,Pt553_CO-OH/1CO-1CO-1OH-out/contcar/00557.POSCAR_all_sites/CONTCAR,-360.01163784
303,Pt553_CO-OH/1CO-1CO-1OH-out/contcar/00631.POSCAR_all_sites/CONTCAR,-360.0110272
388,Pt553_CO-OH/1CO-1CO-1OH-out/contcar/00387.POSCAR_all_sites/CONTCAR,-360.00934348
114,Pt553_CO-OH/1CO-1CO-1OH-out/contcar/00637.POSCAR_all_sites/CONTCAR,-360.00792087
324,Pt553_CO-OH/1CO-1CO-1OH-out/contcar/00055.POSCAR_all_sites/CONTCAR,-360.00732993
249,Pt553_CO-OH/1CO-1CO-1OH-out/contcar/00629.POSCAR_all_sites/CONTCAR,-360.0072312
18,Pt553_CO-OH/1CO-1CO-1OH-out/contcar/00214.POSCAR_all_sites/CONTCAR,-360.00705589
219,Pt553_CO-OH/1CO-1CO-1OH-out/contcar/00608.POSCAR_all_sites/CONTCAR,-360.00648132
14,Pt553_CO-OH/1CO-1CO-1OH-out/contcar/00411.POSCAR_all_sites/CONTCAR,-360.00538077
71,Pt553_CO-OH/1CO-1CO-1OH-out/contcar/00204.POSCAR_all_sites/CONTCAR,-360.00506138
394,Pt553_CO-OH/1CO-1CO-1OH-out/contcar/00442.POSCAR_all_sites/CONTCAR,-360.00464507
245,Pt553_CO-OH/1CO-1CO-1OH-out/contcar/00211.POSCAR_all_sites/CONTCAR,-360.00446976
377,Pt553_CO-OH/1CO-1CO-1OH-out/contcar/00107.POSCAR_all_sites/CONTCAR,-360.00415083
61,Pt553_CO-OH/1CO-1CO-1OH-out/contcar/00379.POSCAR_all_sites/CONTCAR,-360.00412679
413,Pt553_CO-OH/1CO-1CO-1OH-out/contcar/00630.POSCAR_all_sites/CONTCAR,-360.00353978
36,Pt553_CO-OH/1CO-1CO-1OH-out/contcar/00362.POSCAR_all_sites/CONTCAR,-360.00161541
359,Pt553_CO-OH/1CO-1CO-1OH-out/contcar/00219.POSCAR_all_sites/CONTCAR,-360.00129233
495,Pt553_CO-OH/1CO-1CO-1OH-out/contcar/00166.POSCAR_all_sites/CONTCAR,-360.0008708
115,Pt553_CO-OH/1CO-1CO-1OH-out/contcar/00032.POSCAR_all_sites/CONTCAR,-359.99906787
35,Pt553_CO-OH/1CO-1CO-1OH-out/contcar/00559.POSCAR_all_sites/CONTCAR,-359.99891605
438,Pt553_CO-OH/1CO-1CO-1OH-out/contcar/00213.POSCAR_all_sites/CONTCAR,-359.99867403
121,Pt553_CO-OH/1CO-1CO-1OH-out/contcar/00095.POSCAR_all_sites/CONTCAR,-359.99858263
193,Pt553_CO-OH/1CO-1CO-1OH-out/contcar/00359.POSCAR_all_sites/CONTCAR,-359.99856404
19,Pt553_CO-OH/1CO-1CO-1OH-out/contcar/00313.POSCAR_all_sites/CONTCAR,-359.99840414
132,Pt553_CO-OH/1CO-1CO-1OH-out/contcar/00215.POSCAR_all_sites/CONTCAR,-359.9974968
235,Pt553_CO-OH/1CO-1CO-1OH-out/contcar/00196.POSCAR_all_sites/CONTCAR,-359.99743701
286,Pt553_CO-OH/1CO-1CO-1OH-out/contcar/00597.POSCAR_all_sites/CONTCAR,-359.99742665
265,Pt553_CO-OH/1CO-1CO-1OH-out/contcar/00064.POSCAR_all_sites/CONTCAR,-359.99638951
289,Pt553_CO-OH/1CO-1CO-1OH-out/contcar/00295.POSCAR_all_sites/CONTCAR,-359.99557748
308,Pt553_CO-OH/1CO-1CO-1OH-out/contcar/00156.POSCAR_all_sites/CONTCAR,-359.99509576
231,Pt553_CO-OH/1CO-1CO-1OH-out/contcar/00151.POSCAR_all_sites/CONTCAR,-359.99505234
469,Pt553_CO-OH/1CO-1CO-1OH-out/contcar/00031.POSCAR_all_sites/CONTCAR,-359.99474539
418,Pt553_CO-OH/1CO-1CO-1OH-out/contcar/00310.POSCAR_all_sites/CONTCAR,-359.99452998
192,Pt553_CO-OH/1CO-1CO-1OH-out/contcar/00164.POSCAR_all_sites/CONTCAR,-359.99431352
309,Pt553_CO-OH/1CO-1CO-1OH-out/contcar/00168.POSCAR_all_sites/CONTCAR,-359.99410726
488,Pt553_CO-OH/1CO-1CO-1OH-out/contcar/00103.POSCAR_all_sites/CONTCAR,-359.99372272
140,Pt553_CO-OH/1CO-1CO-1OH-out/contcar/00536.POSCAR_all_sites/CONTCAR,-359.99248199
20,Pt553_CO-OH/1CO-1CO-1OH-out/contcar/00528.POSCAR_all_sites/CONTCAR,-359.99216956
177,Pt553_CO-OH/1CO-1CO-1OH-out/contcar/00282.POSCAR_all_sites/CONTCAR,-359.99105228
451,Pt553_CO-OH/1CO-1CO-1OH-out/contcar/00495.POSCAR_all_sites/CONTCAR,-359.98895086
402,Pt553_CO-OH/1CO-1CO-1OH-out/contcar/00427.POSCAR_all_sites/CONTCAR,-359.988738
261,Pt553_CO-OH/1CO-1CO-1OH-out/contcar/00443.POSCAR_all_sites/CONTCAR,-359.98792916
385,Pt553_CO-OH/1CO-1CO-1OH-out/contcar/00162.POSCAR_all_sites/CONTCAR,-359.98765355
27,Pt553_CO-OH/1CO-1CO-1OH-out/contcar/00175.POSCAR_all_sites/CONTCAR,-359.98673313
439,Pt553_CO-OH/1CO-1CO-1OH-out/contcar/00010.POSCAR_all_sites/CONTCAR,-359.98643301
409,Pt553_CO-OH/1CO-1CO-1OH-out/contcar/00354.POSCAR_all_sites/CONTCAR,-359.98590855
349,Pt553_CO-OH/1CO-1CO-1OH-out/contcar/00060.POSCAR_all_sites/CONTCAR,-359.98498912
222,Pt553_CO-OH/1CO-1CO-1OH-out/contcar/00134.POSCAR_all_sites/CONTCAR,-359.98379012
79,Pt553_CO-OH/1CO-1CO-1OH-out/contcar/00084.POSCAR_all_sites/CONTCAR,-359.9833699
180,Pt553_CO-OH/1CO-1CO-1OH-out/contcar/00105.POSCAR_all_sites/CONTCAR,-359.98237583
153,Pt553_CO-OH/1CO-1CO-1OH-out/contcar/00425.POSCAR_all_sites/CONTCAR,-359.98222717
107,Pt553_CO-OH/1CO-1CO-1OH-out/contcar/00069.POSCAR_all_sites/CONTCAR,-359.98073292
53,Pt553_CO-OH/1CO-1CO-1OH-out/contcar/00221.POSCAR_all_sites/CONTCAR,-359.98064361
176,Pt553_CO-OH/1CO-1CO-1OH-out/contcar/00059.POSCAR_all_sites/CONTCAR,-359.98039868
340,Pt553_CO-OH/1CO-1CO-1OH-out/contcar/00315.POSCAR_all_sites/CONTCAR,-359.97997966
214,Pt553_CO-OH/1CO-1CO-1OH-out/contcar/00444.POSCAR_all_sites/CONTCAR,-359.97859537
408,Pt553_CO-OH/1CO-1CO-1OH-out/contcar/00169.POSCAR_all_sites/CONTCAR,-359.97853608
160,Pt553_CO-OH/1CO-1CO-1OH-out/contcar/00643.POSCAR_all_sites/CONTCAR,-359.97768611
478,Pt553_CO-OH/1CO-1CO-1OH-out/contcar/00344.POSCAR_all_sites/CONTCAR,-359.97690829
397,Pt553_CO-OH/1CO-1CO-1OH-out/contcar/00279.POSCAR_all_sites/CONTCAR,-359.97616823
310,Pt553_CO-OH/1CO-1CO-1OH-out/contcar/00355.POSCAR_all_sites/CONTCAR,-359.97515188
378,Pt553_CO-OH/1CO-1CO-1OH-out/contcar/00501.POSCAR_all_sites/CONTCAR,-359.97467714
247,Pt553_CO-OH/1CO-1CO-1OH-out/contcar/00617.POSCAR_all_sites/CONTCAR,-359.9739818
262,Pt553_CO-OH/1CO-1CO-1OH-out/contcar/00640.POSCAR_all_sites/CONTCAR,-359.9727323
48,Pt553_CO-OH/1CO-1CO-1OH-out/contcar/00441.POSCAR_all_sites/CONTCAR,-359.97209884
266,Pt553_CO-OH/1CO-1CO-1OH-out/contcar/00462.POSCAR_all_sites/CONTCAR,-359.97088797
200,Pt553_CO-OH/1CO-1CO-1OH-out/contcar/00101.POSCAR_all_sites/CONTCAR,-359.97044536
182,Pt553_CO-OH/1CO-1CO-1OH-out/contcar/00306.POSCAR_all_sites/CONTCAR,-359.96952335
10,Pt553_CO-OH/1CO-1CO-1OH-out/contcar/00633.POSCAR_all_sites/CONTCAR,-359.96712764
375,Pt553_CO-OH/1CO-1CO-1OH-out/contcar/00438.POSCAR_all_sites/CONTCAR,-359.96327929
500,Pt553_CO-OH/1CO-1CO-1OH-out/contcar/00383.POSCAR_all_sites/CONTCAR,-359.96159295
273,Pt553_CO-OH/1CO-1CO-1OH-out/contcar/00360.POSCAR_all_sites/CONTCAR,-359.96099242
127,Pt553_CO-OH/1CO-1CO-1OH-out/contcar/00174.POSCAR_all_sites/CONTCAR,-359.9608733
80,Pt553_CO-OH/1CO-1CO-1OH-out/contcar/00287.POSCAR_all_sites/CONTCAR,-359.96084931
376,Pt553_CO-OH/1CO-1CO-1OH-out/contcar/00203.POSCAR_all_sites/CONTCAR,-359.96082925
443,Pt553_CO-OH/1CO-1CO-1OH-out/contcar/00511.POSCAR_all_sites/CONTCAR,-359.95932651
436,Pt553_CO-OH/1CO-1CO-1OH-out/contcar/00294.POSCAR_all_sites/CONTCAR,-359.956946
136,Pt553_CO-OH/1CO-1CO-1OH-out/contcar/00529.POSCAR_all_sites/CONTCAR,-359.95515046
225,Pt553_CO-OH/1CO-1CO-1OH-out/contcar/00488.POSCAR_all_sites/CONTCAR,-359.95319579
70,Pt553_CO-OH/1CO-1CO-1OH-out/contcar/00623.POSCAR_all_sites/CONTCAR,-359.95296118
396,Pt553_CO-OH/1CO-1CO-1OH-out/contcar/00044.POSCAR_all_sites/CONTCAR,-359.95195272
437,Pt553_CO-OH/1CO-1CO-1OH-out/contcar/00097.POSCAR_all_sites/CONTCAR,-359.95166744
166,Pt553_CO-OH/1CO-1CO-1OH-out/contcar/00141.POSCAR_all_sites/CONTCAR,-359.95144526
471,Pt553_CO-OH/1CO-1CO-1OH-out/contcar/00437.POSCAR_all_sites/CONTCAR,-359.94832079
170,Pt553_CO-OH/1CO-1CO-1OH-out/contcar/00186.POSCAR_all_sites/CONTCAR,-359.94721517
149,Pt553_CO-OH/1CO-1CO-1OH-out/contcar/00356.POSCAR_all_sites/CONTCAR,-359.94713377
294,Pt553_CO-OH/1CO-1CO-1OH-out/contcar/00070.POSCAR_all_sites/CONTCAR,-359.94341684
171,Pt553_CO-OH/1CO-1CO-1OH-out/contcar/00363.POSCAR_all_sites/CONTCAR,-359.94154163
3,Pt553_CO-OH/1CO-1CO-1OH-out/contcar/00053.POSCAR_all_sites/CONTCAR,-359.94059289
414,Pt553_CO-OH/1CO-1CO-1OH-out/contcar/00433.POSCAR_all_sites/CONTCAR,-359.94055265
85,Pt553_CO-OH/1CO-1CO-1OH-out/contcar/00366.POSCAR_all_sites/CONTCAR,-359.93991905
64,Pt553_CO-OH/1CO-1CO-1OH-out/contcar/00043.POSCAR_all_sites/CONTCAR,-359.93894976
483,Pt553_CO-OH/1CO-1CO-1OH-out/contcar/00620.POSCAR_all_sites/CONTCAR,-359.93795004
382,Pt553_CO-OH/1CO-1CO-1OH-out/contcar/00463.POSCAR_all_sites/CONTCAR,-359.93784399
421,Pt553_CO-OH/1CO-1CO-1OH-out/contcar/00217.POSCAR_all_sites/CONTCAR,-359.93752326
455,Pt553_CO-OH/1CO-1CO-1OH-out/contcar/00172.POSCAR_all_sites/CONTCAR,-359.93655471
56,Pt553_CO-OH/1CO-1CO-1OH-out/contcar/00424.POSCAR_all_sites/CONTCAR,-359.93603595
202,Pt553_CO-OH/1CO-1CO-1OH-out/contcar/00507.POSCAR_all_sites/CONTCAR,-359.93552537
287,Pt553_CO-OH/1CO-1CO-1OH-out/contcar/00392.POSCAR_all_sites/CONTCAR,-359.93541859
58,Pt553_CO-OH/1CO-1CO-1OH-out/contcar/00523.POSCAR_all_sites/CONTCAR,-359.93506231
319,Pt553_CO-OH/1CO-1CO-1OH-out/contcar/00152.POSCAR_all_sites/CONTCAR,-359.93448275
465,Pt553_CO-OH/1CO-1CO-1OH-out/contcar/00530.POSCAR_all_sites/CONTCAR,-359.93412599
316,Pt553_CO-OH/1CO-1CO-1OH-out/contcar/00635.POSCAR_all_sites/CONTCAR,-359.93379655
11,Pt553_CO-OH/1CO-1CO-1OH-out/contcar/00430.POSCAR_all_sites/CONTCAR,-359.93331638
357,Pt553_CO-OH/1CO-1CO-1OH-out/contcar/00005.POSCAR_all_sites/CONTCAR,-359.93327308
129,Pt553_CO-OH/1CO-1CO-1OH-out/contcar/00192.POSCAR_all_sites/CONTCAR,-359.93165845
482,Pt553_CO-OH/1CO-1CO-1OH-out/contcar/00599.POSCAR_all_sites/CONTCAR,-359.92972072
74,Pt553_CO-OH/1CO-1CO-1OH-out/contcar/00602.POSCAR_all_sites/CONTCAR,-359.9289132
417,Pt553_CO-OH/1CO-1CO-1OH-out/contcar/00113.POSCAR_all_sites/CONTCAR,-359.92803101
39,Pt553_CO-OH/1CO-1CO-1OH-out/contcar/00187.POSCAR_all_sites/CONTCAR,-359.92765629
253,Pt553_CO-OH/1CO-1CO-1OH-out/contcar/00418.POSCAR_all_sites/CONTCAR,-359.92522458
84,Pt553_CO-OH/1CO-1CO-1OH-out/contcar/00165.POSCAR_all_sites/CONTCAR,-359.92085321
5,Pt553_CO-OH/1CO-1CO-1OH-out/contcar/00288.POSCAR_all_sites/CONTCAR,-359.91653606
351,Pt553_CO-OH/1CO-1CO-1OH-out/contcar/00458.POSCAR_all_sites/CONTCAR,-359.91280429
283,Pt553_CO-OH/1CO-1CO-1OH-out/contcar/00149.POSCAR_all_sites/CONTCAR,-359.91123635
369,Pt553_CO-OH/1CO-1CO-1OH-out/contcar/00598.POSCAR_all_sites/CONTCAR,-359.90908388
55,Pt553_CO-OH/1CO-1CO-1OH-out/contcar/00627.POSCAR_all_sites/CONTCAR,-359.90747482
28,Pt553_CO-OH/1CO-1CO-1OH-out/contcar/00573.POSCAR_all_sites/CONTCAR,-359.90099906
139,Pt553_CO-OH/1CO-1CO-1OH-out/contcar/00508.POSCAR_all_sites/CONTCAR,-359.89841981
238,Pt553_CO-OH/1CO-1CO-1OH-out/contcar/00292.POSCAR_all_sites/CONTCAR,-359.89734615
154,Pt553_CO-OH/1CO-1CO-1OH-out/contcar/00618.POSCAR_all_sites/CONTCAR,-359.8955612
72,Pt553_CO-OH/1CO-1CO-1OH-out/contcar/00039.POSCAR_all_sites/CONTCAR,-359.89549759
109,Pt553_CO-OH/1CO-1CO-1OH-out/contcar/00489.POSCAR_all_sites/CONTCAR,-359.89470102
57,Pt553_CO-OH/1CO-1CO-1OH-out/contcar/00619.POSCAR_all_sites/CONTCAR,-359.89461859
4,Pt553_CO-OH/1CO-1CO-1OH-out/contcar/00250.POSCAR_all_sites/CONTCAR,-359.8942982
165,Pt553_CO-OH/1CO-1CO-1OH-out/contcar/00199.POSCAR_all_sites/CONTCAR,-359.89382335
46,Pt553_CO-OH/1CO-1CO-1OH-out/contcar/00047.POSCAR_all_sites/CONTCAR,-359.89232037
223,Pt553_CO-OH/1CO-1CO-1OH-out/contcar/00309.POSCAR_all_sites/CONTCAR,-359.8890077
130,Pt553_CO-OH/1CO-1CO-1OH-out/contcar/00594.POSCAR_all_sites/CONTCAR,-359.88890785
484,Pt553_CO-OH/1CO-1CO-1OH-out/contcar/00218.POSCAR_all_sites/CONTCAR,-359.88730059
179,Pt553_CO-OH/1CO-1CO-1OH-out/contcar/00487.POSCAR_all_sites/CONTCAR,-359.88300302
24,Pt553_CO-OH/1CO-1CO-1OH-out/contcar/00492.POSCAR_all_sites/CONTCAR,-359.87752982
94,Pt553_CO-OH/1CO-1CO-1OH-out/contcar/00210.POSCAR_all_sites/CONTCAR,-359.87550217
120,Pt553_CO-OH/1CO-1CO-1OH-out/contcar/00296.POSCAR_all_sites/CONTCAR,-359.87332769
498,Pt553_CO-OH/1CO-1CO-1OH-out/contcar/00586.POSCAR_all_sites/CONTCAR,-359.87302445
480,Pt553_CO-OH/1CO-1CO-1OH-out/contcar/00147.POSCAR_all_sites/CONTCAR,-359.85764771
327,Pt553_CO-OH/1CO-1CO-1OH-out/contcar/00494.POSCAR_all_sites/CONTCAR,-359.85224272
227,Pt553_CO-OH/1CO-1CO-1OH-out/contcar/00068.POSCAR_all_sites/CONTCAR,-359.84433444
440,Pt553_CO-OH/1CO-1CO-1OH-out/contcar/00428.POSCAR_all_sites/CONTCAR,-359.84117979
429,Pt553_CO-OH/1CO-1CO-1OH-out/contcar/00148.POSCAR_all_sites/CONTCAR,-359.83743895
334,Pt553_CO-OH/1CO-1CO-1OH-out/contcar/00593.POSCAR_all_sites/CONTCAR,-359.83696721
113,Pt553_CO-OH/1CO-1CO-1OH-out/contcar/00434.POSCAR_all_sites/CONTCAR,-359.82786311
157,Pt553_CO-OH/1CO-1CO-1OH-out/contcar/00319.POSCAR_all_sites/CONTCAR,-359.75588236
208,Pt553_CO-OH/1CO-1CO-1OH-out/contcar/00622.POSCAR_all_sites/CONTCAR,-359.72739243
110,Pt553_CO-OH/1CO-1CO-1OH-out/contcar/00188.POSCAR_all_sites/CONTCAR,-359.71977569
343,Pt553_CO-OH/1CO-1CO-1OH-out/contcar/00510.POSCAR_all_sites/CONTCAR,-359.71335286
490,Pt553_CO-OH/1CO-1CO-1OH-out/contcar/00601.POSCAR_all_sites/CONTCAR,-359.70307039
435,Pt553_CO-OH/1CO-1CO-1OH-out/contcar/00491.POSCAR_all_sites/CONTCAR,-359.68835861
195,Pt553_CO-OH/1CO-1CO-1OH-out/contcar/00400.POSCAR_all_sites/CONTCAR,-359.62895958
326,Pt553_CO-OH/1CO-1CO-1OH-out/contcar/00291.POSCAR_all_sites/CONTCAR,-359.44943321
407,Pt553_CO-OH/1CO-1CO-1OH-out/contcar/00589.POSCAR_all_sites/CONTCAR,-359.43558735
62,Pt553_CO-OH/1CO-1CO-1OH-out/contcar/00144.POSCAR_all_sites/CONTCAR,-359.41794619
256,Pt553_CO-OH/1CO-1CO-1OH-out/contcar/00399.POSCAR_all_sites/CONTCAR,-359.41493349
453,Pt553_CO-OH/1CO-1CO-1OH-out/contcar/00290.POSCAR_all_sites/CONTCAR,-359.23969211
312,Pt553_CO-OH/1CO-1CO-1OH-out/contcar/00588.POSCAR_all_sites/CONTCAR,-359.1981816
390,Pt553_CO-OH/1CO-1CO-1OH-out/contcar/00143.POSCAR_all_sites/CONTCAR,-359.18398939
59,Pt553_CO-OH/1CO-1CO-1OH-out/contcar/00326.POSCAR_all_sites/CONTCAR,-359.12644636
